stations;Id_bss;code_stations;date;Vigilance;Alerte;Alerte renforcee;Crise
PIEZOMETRE - VAL DU SUZON (POMMIER-DE-BEAUREPAIRE - BRGM 38) - BSH ;BSS001VTSN;07475X0008/F3;Janvier;289.5;288.12;287.4;286.8
PIEZOMETRE - VAL DU SUZON (POMMIER-DE-BEAUREPAIRE - BRGM 38) - BSH ;BSS001VTSN;07475X0008/F3;FÈvrier;289.7;288.15;287.33;286.66
PIEZOMETRE - VAL DU SUZON (POMMIER-DE-BEAUREPAIRE - BRGM 38) - BSH ;BSS001VTSN;07475X0008/F3;Mars;289.65;288.07;287.25;286.56
PIEZOMETRE - VAL DU SUZON (POMMIER-DE-BEAUREPAIRE - BRGM 38) - BSH ;BSS001VTSN;07475X0008/F3;Avril;289.68;288.29;287.56;286.96
PIEZOMETRE - VAL DU SUZON (POMMIER-DE-BEAUREPAIRE - BRGM 38) - BSH ;BSS001VTSN;07475X0008/F3;Mai;289.76;288.48;287.82;287.27
PIEZOMETRE - VAL DU SUZON (POMMIER-DE-BEAUREPAIRE - BRGM 38) - BSH ;BSS001VTSN;07475X0008/F3;Juin;289.69;288.51;287.89;287.38
PIEZOMETRE - VAL DU SUZON (POMMIER-DE-BEAUREPAIRE - BRGM 38) - BSH ;BSS001VTSN;07475X0008/F3;Juillet;289.39;288.35;287.81;287.36
PIEZOMETRE - VAL DU SUZON (POMMIER-DE-BEAUREPAIRE - BRGM 38) - BSH ;BSS001VTSN;07475X0008/F3;Ao˚t;289.08;288.14;287.65;287.25
PIEZOMETRE - VAL DU SUZON (POMMIER-DE-BEAUREPAIRE - BRGM 38) - BSH ;BSS001VTSN;07475X0008/F3;Septembre;288.83;287.98;287.54;287.17
PIEZOMETRE - VAL DU SUZON (POMMIER-DE-BEAUREPAIRE - BRGM 38) - BSH ;BSS001VTSN;07475X0008/F3;Octobre;288.66;287.81;287.36;286.99
PIEZOMETRE - VAL DU SUZON (POMMIER-DE-BEAUREPAIRE - BRGM 38) - BSH ;BSS001VTSN;07475X0008/F3;Novembre;288.76;287.71;287.17;286.72
PIEZOMETRE - VAL DU SUZON (POMMIER-DE-BEAUREPAIRE - BRGM 38) - BSH ;BSS001VTSN;07475X0008/F3;DÈcembre;289.04;287.81;287.17;286.64
PIEZOMETRE - BEL AIR (BOUGE-CHAMBALUD - BRGM 38) - BSH;BSS001WMCG;07703X0043/SDC;Janvier;210.37;209.91;209.67;209.47
PIEZOMETRE - BEL AIR (BOUGE-CHAMBALUD - BRGM 38) - BSH;BSS001WMCG;07703X0043/SDC;FÈvrier;210.48;209.96;209.69;209.47
PIEZOMETRE - BEL AIR (BOUGE-CHAMBALUD - BRGM 38) - BSH;BSS001WMCG;07703X0043/SDC;Mars;210.54;210;209.72;209.49
PIEZOMETRE - BEL AIR (BOUGE-CHAMBALUD - BRGM 38) - BSH;BSS001WMCG;07703X0043/SDC;Avril;210.58;210.03;209.75;209.52
PIEZOMETRE - BEL AIR (BOUGE-CHAMBALUD - BRGM 38) - BSH;BSS001WMCG;07703X0043/SDC;Mai;210.53;210;209.72;209.49
PIEZOMETRE - BEL AIR (BOUGE-CHAMBALUD - BRGM 38) - BSH;BSS001WMCG;07703X0043/SDC;Juin;210.43;209.91;209.64;209.42
PIEZOMETRE - BEL AIR (BOUGE-CHAMBALUD - BRGM 38) - BSH;BSS001WMCG;07703X0043/SDC;Juillet;210.02;209.46;209.16;208.91
PIEZOMETRE - BEL AIR (BOUGE-CHAMBALUD - BRGM 38) - BSH;BSS001WMCG;07703X0043/SDC;Ao˚t;209.61;209;208.69;208.43
PIEZOMETRE - BEL AIR (BOUGE-CHAMBALUD - BRGM 38) - BSH;BSS001WMCG;07703X0043/SDC;Septembre;209.7;209.2;208.94;208.72
PIEZOMETRE - BEL AIR (BOUGE-CHAMBALUD - BRGM 38) - BSH;BSS001WMCG;07703X0043/SDC;Octobre;209.93;209.5;209.27;209.09
PIEZOMETRE - BEL AIR (BOUGE-CHAMBALUD - BRGM 38) - BSH;BSS001WMCG;07703X0043/SDC;Novembre;210.09;209.64;209.4;209.21
PIEZOMETRE - BEL AIR (BOUGE-CHAMBALUD - BRGM 38) - BSH;BSS001WMCG;07703X0043/SDC;DÈcembre;210.25;209.8;209.57;209.38
FORAGE - LAPAILLANCHE (MANTHES - BRGM 26) - BSH;BSS001WMMN;07704X0079/S;Janvier;234.05;233.4;233.06;232.78
FORAGE - LAPAILLANCHE (MANTHES - BRGM 26) - BSH;BSS001WMMN;07704X0079/S;FÈvrier;234.12;233.52;233.21;232.95
FORAGE - LAPAILLANCHE (MANTHES - BRGM 26) - BSH;BSS001WMMN;07704X0079/S;Mars;234.15;233.57;233.27;233.02
FORAGE - LAPAILLANCHE (MANTHES - BRGM 26) - BSH;BSS001WMMN;07704X0079/S;Avril;234.21;233.64;233.35;233.1
FORAGE - LAPAILLANCHE (MANTHES - BRGM 26) - BSH;BSS001WMMN;07704X0079/S;Mai;234.25;233.68;233.38;233.14
FORAGE - LAPAILLANCHE (MANTHES - BRGM 26) - BSH;BSS001WMMN;07704X0079/S;Juin;234.24;233.66;233.36;233.11
FORAGE - LAPAILLANCHE (MANTHES - BRGM 26) - BSH;BSS001WMMN;07704X0079/S;Juillet;234.11;233.49;233.16;232.89
FORAGE - LAPAILLANCHE (MANTHES - BRGM 26) - BSH;BSS001WMMN;07704X0079/S;Ao˚t;233.94;233.23;232.85;232.54
FORAGE - LAPAILLANCHE (MANTHES - BRGM 26) - BSH;BSS001WMMN;07704X0079/S;Septembre;233.85;233.07;232.66;232.33
FORAGE - LAPAILLANCHE (MANTHES - BRGM 26) - BSH;BSS001WMMN;07704X0079/S;Octobre;233.85;233.02;232.59;232.24
FORAGE - LAPAILLANCHE (MANTHES - BRGM 26) - BSH;BSS001WMMN;07704X0079/S;Novembre;233.89;233.06;232.62;232.26
FORAGE - LAPAILLANCHE (MANTHES - BRGM 26) - BSH;BSS001WMMN;07704X0079/S;DÈcembre;233.95;233.18;232.77;232.44
Forage - L Ile [Manthes];BSS001WMJN;07704X0007/F;Janvier;233.44;231.89;231.08;230.41
Forage - L Ile [Manthes];BSS001WMJN;07704X0007/F;FÈvrier;233.54;232.00;231.2;230.54
Forage - L Ile [Manthes];BSS001WMJN;07704X0007/F;Mars;233.66;232.15;231.36;230.71
Forage - L Ile [Manthes];BSS001WMJN;07704X0007/F;Avril;233.63;232.08;231.27;230.61
Forage - L Ile [Manthes];BSS001WMJN;07704X0007/F;Mai;233.59;232.06;231.26;230.61
Forage - L Ile [Manthes];BSS001WMJN;07704X0007/F;Juin;233.67;232.9;232.5;232.17
Forage - L Ile [Manthes];BSS001WMJN;07704X0007/F;Juillet;233.39;232.62;232.22;231.89
Forage - L Ile [Manthes];BSS001WMJN;07704X0007/F;Ao˚t;232.92;231.44;230.66;230.02
Forage - L Ile [Manthes];BSS001WMJN;07704X0007/F;Septembre;233.13;231.75;231.03;230.44
Forage - L Ile [Manthes];BSS001WMJN;07704X0007/F;Octobre;233.32;231.91;231.17;230.56
Forage - L Ile [Manthes];BSS001WMJN;07704X0007/F;Novembre;233.39;231.9;231.12;230.48
Forage - L Ile [Manthes];BSS001WMJN;07704X0007/F;DÈcembre;233.23;231.49;230.59;229.84
PIEZOMETREÝ-ÝCHEVAUXÝ(CLAVEYSONÝ-ÝBRGMÝ26)Ý-ÝBSH;BSS001WNCL;07707X0144/F;Janvier;232.84;232.56;232.42;232.29
PIEZOMETREÝ-ÝCHEVAUXÝ(CLAVEYSONÝ-ÝBRGMÝ26)Ý-ÝBSH;BSS001WNCL;07707X0144/F;FÈvrier;232.86;232.57;232.41;232.29
PIEZOMETREÝ-ÝCHEVAUXÝ(CLAVEYSONÝ-ÝBRGMÝ26)Ý-ÝBSH;BSS001WNCL;07707X0144/F;Mars;232.82;232.55;232.4;232.28
PIEZOMETREÝ-ÝCHEVAUXÝ(CLAVEYSONÝ-ÝBRGMÝ26)Ý-ÝBSH;BSS001WNCL;07707X0144/F;Avril;232.83;232.53;232.37;232.24
PIEZOMETREÝ-ÝCHEVAUXÝ(CLAVEYSONÝ-ÝBRGMÝ26)Ý-ÝBSH;BSS001WNCL;07707X0144/F;Mai;232.8;232.48;232.31;232.18
PIEZOMETREÝ-ÝCHEVAUXÝ(CLAVEYSONÝ-ÝBRGMÝ26)Ý-ÝBSH;BSS001WNCL;07707X0144/F;Juin;232.72;232.41;232.25;232.12
PIEZOMETREÝ-ÝCHEVAUXÝ(CLAVEYSONÝ-ÝBRGMÝ26)Ý-ÝBSH;BSS001WNCL;07707X0144/F;Juillet;232.5;232.2;232.05;231.92
PIEZOMETREÝ-ÝCHEVAUXÝ(CLAVEYSONÝ-ÝBRGMÝ26)Ý-ÝBSH;BSS001WNCL;07707X0144/F;Ao˚t;232.43;232.11;231.95;231.81
PIEZOMETREÝ-ÝCHEVAUXÝ(CLAVEYSONÝ-ÝBRGMÝ26)Ý-ÝBSH;BSS001WNCL;07707X0144/F;Septembre;232.52;232.22;232.06;231.93
PIEZOMETREÝ-ÝCHEVAUXÝ(CLAVEYSONÝ-ÝBRGMÝ26)Ý-ÝBSH;BSS001WNCL;07707X0144/F;Octobre;232.64;232.35;232.19;232.06
PIEZOMETREÝ-ÝCHEVAUXÝ(CLAVEYSONÝ-ÝBRGMÝ26)Ý-ÝBSH;BSS001WNCL;07707X0144/F;Novembre;232.74;232.45;232.29;232.16
PIEZOMETREÝ-ÝCHEVAUXÝ(CLAVEYSONÝ-ÝBRGMÝ26)Ý-ÝBSH;BSS001WNCL;07707X0144/F;DÈcembre;232.79;232.51;232.36;232.24
FORAGEÝ-ÝMAUPASÝ(ROMANSÝSURÝISEREÝ-Ý26);BSS001XMKZ;07948X0047/F1;Janvier;164.14;163.87;163.74;163.62
FORAGEÝ-ÝMAUPASÝ(ROMANSÝSURÝISEREÝ-Ý26);BSS001XMKZ;07948X0047/F1;FÈvrier;164.15;163.89;163.75;163.63
FORAGEÝ-ÝMAUPASÝ(ROMANSÝSURÝISEREÝ-Ý26);BSS001XMKZ;07948X0047/F1;Mars;164.13;163.88;163.75;163.64
FORAGEÝ-ÝMAUPASÝ(ROMANSÝSURÝISEREÝ-Ý26);BSS001XMKZ;07948X0047/F1;Avril;164.1;163.84;163.7;163.59
FORAGEÝ-ÝMAUPASÝ(ROMANSÝSURÝISEREÝ-Ý26);BSS001XMKZ;07948X0047/F1;Mai;164.08;163.81;163.68;163.56
FORAGEÝ-ÝMAUPASÝ(ROMANSÝSURÝISEREÝ-Ý26);BSS001XMKZ;07948X0047/F1;Juin;163.97;163.71;163.57;163.46
FORAGEÝ-ÝMAUPASÝ(ROMANSÝSURÝISEREÝ-Ý26);BSS001XMKZ;07948X0047/F1;Juillet;163.72;163.46;163.32;163.2
FORAGEÝ-ÝMAUPASÝ(ROMANSÝSURÝISEREÝ-Ý26);BSS001XMKZ;07948X0047/F1;Ao˚t;163.65;163.39;163.25;163.14
FORAGEÝ-ÝMAUPASÝ(ROMANSÝSURÝISEREÝ-Ý26);BSS001XMKZ;07948X0047/F1;Septembre;163.8;163.57;163.45;163.35
FORAGEÝ-ÝMAUPASÝ(ROMANSÝSURÝISEREÝ-Ý26);BSS001XMKZ;07948X0047/F1;Octobre;163.9;163.67;163.55;163.45
FORAGEÝ-ÝMAUPASÝ(ROMANSÝSURÝISEREÝ-Ý26);BSS001XMKZ;07948X0047/F1;Novembre;163.99;163.74;163.62;163.51
FORAGEÝ-ÝMAUPASÝ(ROMANSÝSURÝISEREÝ-Ý26);BSS001XMKZ;07948X0047/F1;DÈcembre;164.04;163.79;163.66;163.55
Saint-Bonnet-de-Chavagne [Puits - Fontchaude];BSS001XNAA;07953X0104/P;Janvier;250.21;249.96;249.83;249.72
Saint-Bonnet-de-Chavagne [Puits - Fontchaude];BSS001XNAA;07953X0104/P;FÈvrier;250.28;250.01;249.87;249.75
Saint-Bonnet-de-Chavagne [Puits - Fontchaude];BSS001XNAA;07953X0104/P;Mars;250.3;249.98;249.81;249.67
Saint-Bonnet-de-Chavagne [Puits - Fontchaude];BSS001XNAA;07953X0104/P;Avril;250.29;249.99;249.83;249.7
Saint-Bonnet-de-Chavagne [Puits - Fontchaude];BSS001XNAA;07953X0104/P;Mai;250.29;249.99;249.83;249.7
Saint-Bonnet-de-Chavagne [Puits - Fontchaude];BSS001XNAA;07953X0104/P;Juin;250.26;249.97;249.82;249.69
Saint-Bonnet-de-Chavagne [Puits - Fontchaude];BSS001XNAA;07953X0104/P;Juillet;250.16;249.88;249.73;249.61
Saint-Bonnet-de-Chavagne [Puits - Fontchaude];BSS001XNAA;07953X0104/P;Ao˚t;250.1;249.8;249.65;249.52
Saint-Bonnet-de-Chavagne [Puits - Fontchaude];BSS001XNAA;07953X0104/P;Septembre;250.04;249.72;249.55;249.41
Saint-Bonnet-de-Chavagne [Puits - Fontchaude];BSS001XNAA;07953X0104/P;Octobre;250;249.68;249.51;249.38
Saint-Bonnet-de-Chavagne [Puits - Fontchaude];BSS001XNAA;07953X0104/P;Novembre;250.05;249.74;249.57;249.44
Saint-Bonnet-de-Chavagne [Puits - Fontchaude];BSS001XNAA;07953X0104/P;DÈcembre;250.13;249.85;249.7;249.58
FORAGE - CROIX DU PLATRE (Vatilieu - BRGM 38);BSS001WPWZ;07725X0071/F3);Janvier;250.21;249.96;249.83;249.72
FORAGE - CROIX DU PLATRE (Vatilieu - BRGM 38);BSS001WPWZ;07725X0071/F3);FÈvrier;250.28;250.01;249.87;249.75
FORAGE - CROIX DU PLATRE (Vatilieu - BRGM 38);BSS001WPWZ;07725X0071/F3);Mars;250.3;249.98;249.81;249.67
FORAGE - CROIX DU PLATRE (Vatilieu - BRGM 38);BSS001WPWZ;07725X0071/F3);Avril;250.29;249.99;249.83;249.7
FORAGE - CROIX DU PLATRE (Vatilieu - BRGM 38);BSS001WPWZ;07725X0071/F3);Mai;250.29;249.99;249.83;249.7
FORAGE - CROIX DU PLATRE (Vatilieu - BRGM 38);BSS001WPWZ;07725X0071/F3);Juin;250.26;249.97;249.82;249.69
FORAGE - CROIX DU PLATRE (Vatilieu - BRGM 38);BSS001WPWZ;07725X0071/F3);Juillet;250.16;249.88;249.73;249.61
FORAGE - CROIX DU PLATRE (Vatilieu - BRGM 38);BSS001WPWZ;07725X0071/F3);Ao˚t;250.1;249.8;249.65;249.52
FORAGE - CROIX DU PLATRE (Vatilieu - BRGM 38);BSS001WPWZ;07725X0071/F3);Septembre;250.04;249.72;249.55;249.41
FORAGE - CROIX DU PLATRE (Vatilieu - BRGM 38);BSS001WPWZ;07725X0071/F3);Octobre;250;249.68;249.51;249.38
FORAGE - CROIX DU PLATRE (Vatilieu - BRGM 38);BSS001WPWZ;07725X0071/F3);Novembre;250.05;249.74;249.57;249.44
FORAGE - CROIX DU PLATRE (Vatilieu - BRGM 38);BSS001WPWZ;07725X0071/F3);DÈcembre;250.13;249.85;249.7;249.58
PUITSÝ-ÝDEROUXÝ(MARGESÝ-ÝBRGMÝ26);BSS001XLSB;07944X0049/S;Janvier;248.3;247.61;247.24;246.94
PUITSÝ-ÝDEROUXÝ(MARGESÝ-ÝBRGMÝ26);BSS001XLSB;07944X0049/S;FÈvrier;248.34;247.64;247.28;246.97
PUITSÝ-ÝDEROUXÝ(MARGESÝ-ÝBRGMÝ26);BSS001XLSB;07944X0049/S;Mars;248.35;247.65;247.29;246.99
PUITSÝ-ÝDEROUXÝ(MARGESÝ-ÝBRGMÝ26);BSS001XLSB;07944X0049/S;Avril;248.32;247.64;247.28;246.99
PUITSÝ-ÝDEROUXÝ(MARGESÝ-ÝBRGMÝ26);BSS001XLSB;07944X0049/S;Mai;248.26;247.53;247.15;246.84
PUITSÝ-ÝDEROUXÝ(MARGESÝ-ÝBRGMÝ26);BSS001XLSB;07944X0049/S;Juin;248.05;247.4;247.05;246.77
PUITSÝ-ÝDEROUXÝ(MARGESÝ-ÝBRGMÝ26);BSS001XLSB;07944X0049/S;Juillet;247.52;246.87;246.54;246.26
PUITSÝ-ÝDEROUXÝ(MARGESÝ-ÝBRGMÝ26);BSS001XLSB;07944X0049/S;Ao˚t;247.32;246.68;246.34;246.07
PUITSÝ-ÝDEROUXÝ(MARGESÝ-ÝBRGMÝ26);BSS001XLSB;07944X0049/S;Septembre;247.65;247;246.66;246.38
PUITSÝ-ÝDEROUXÝ(MARGESÝ-ÝBRGMÝ26);BSS001XLSB;07944X0049/S;Octobre;247.92;247.24;246.88;246.59
PUITSÝ-ÝDEROUXÝ(MARGESÝ-ÝBRGMÝ26);BSS001XLSB;07944X0049/S;Novembre;248.1;247.38;247;246.69
PUITSÝ-ÝDEROUXÝ(MARGESÝ-ÝBRGMÝ26);BSS001XLSB;07944X0049/S;DÈcembre;248.19;247.45;247.07;246.75
PIEZOMETREÝ-ÝSALLEÝCOMMUNALEÝ(MARGESÝ-ÝBRGMÝ26)Ý-ÝBSH;BSS001XLVS;07944X0409/F;Janvier;164.14;163.87;163.74;163.62
PIEZOMETREÝ-ÝSALLEÝCOMMUNALEÝ(MARGESÝ-ÝBRGMÝ26)Ý-ÝBSH;BSS001XLVS;07944X0409/F;FÈvrier;164.15;163.89;163.75;163.63
PIEZOMETREÝ-ÝSALLEÝCOMMUNALEÝ(MARGESÝ-ÝBRGMÝ26)Ý-ÝBSH;BSS001XLVS;07944X0409/F;Mars;164.13;163.88;163.75;163.64
PIEZOMETREÝ-ÝSALLEÝCOMMUNALEÝ(MARGESÝ-ÝBRGMÝ26)Ý-ÝBSH;BSS001XLVS;07944X0409/F;Avril;164.1;163.84;163.7;163.59
PIEZOMETREÝ-ÝSALLEÝCOMMUNALEÝ(MARGESÝ-ÝBRGMÝ26)Ý-ÝBSH;BSS001XLVS;07944X0409/F;Mai;164.08;163.81;163.68;163.56
PIEZOMETREÝ-ÝSALLEÝCOMMUNALEÝ(MARGESÝ-ÝBRGMÝ26)Ý-ÝBSH;BSS001XLVS;07944X0409/F;Juin;163.97;163.71;163.57;163.46
PIEZOMETREÝ-ÝSALLEÝCOMMUNALEÝ(MARGESÝ-ÝBRGMÝ26)Ý-ÝBSH;BSS001XLVS;07944X0409/F;Juillet;163.72;163.46;163.32;163.2
PIEZOMETREÝ-ÝSALLEÝCOMMUNALEÝ(MARGESÝ-ÝBRGMÝ26)Ý-ÝBSH;BSS001XLVS;07944X0409/F;Ao˚t;163.65;163.39;163.25;163.14
PIEZOMETREÝ-ÝSALLEÝCOMMUNALEÝ(MARGESÝ-ÝBRGMÝ26)Ý-ÝBSH;BSS001XLVS;07944X0409/F;Septembre;163.8;163.57;163.45;163.35
PIEZOMETREÝ-ÝSALLEÝCOMMUNALEÝ(MARGESÝ-ÝBRGMÝ26)Ý-ÝBSH;BSS001XLVS;07944X0409/F;Octobre;163.9;163.67;163.55;163.45
PIEZOMETREÝ-ÝSALLEÝCOMMUNALEÝ(MARGESÝ-ÝBRGMÝ26)Ý-ÝBSH;BSS001XLVS;07944X0409/F;Novembre;163.99;163.74;163.62;163.51
PIEZOMETREÝ-ÝSALLEÝCOMMUNALEÝ(MARGESÝ-ÝBRGMÝ26)Ý-ÝBSH;BSS001XLVS;07944X0409/F;DÈcembre;164.04;163.79;163.66;163.55
PIEZOMETREÝ-ÝLESÝBALMESÝ(ROMANSÝSURÝISEREÝ-ÝBRGMÝ26)Ý-ÝBSH;BSS001XMKQ;07948X0038/S;Janvier;140.85;140.56;140.42;140.3
PIEZOMETREÝ-ÝLESÝBALMESÝ(ROMANSÝSURÝISEREÝ-ÝBRGMÝ26)Ý-ÝBSH;BSS001XMKQ;07948X0038/S;FÈvrier;140.82;140.52;140.36;140.23
PIEZOMETREÝ-ÝLESÝBALMESÝ(ROMANSÝSURÝISEREÝ-ÝBRGMÝ26)Ý-ÝBSH;BSS001XMKQ;07948X0038/S;Mars;140.75;140.45;140.29;140.17
PIEZOMETREÝ-ÝLESÝBALMESÝ(ROMANSÝSURÝISEREÝ-ÝBRGMÝ26)Ý-ÝBSH;BSS001XMKQ;07948X0038/S;Avril;140.7;140.44;140.3;140.19
PIEZOMETREÝ-ÝLESÝBALMESÝ(ROMANSÝSURÝISEREÝ-ÝBRGMÝ26)Ý-ÝBSH;BSS001XMKQ;07948X0038/S;Mai;140.67;140.43;140.3;140.2
PIEZOMETREÝ-ÝLESÝBALMESÝ(ROMANSÝSURÝISEREÝ-ÝBRGMÝ26)Ý-ÝBSH;BSS001XMKQ;07948X0038/S;Juin;140.58;140.35;140.23;140.14
PIEZOMETREÝ-ÝLESÝBALMESÝ(ROMANSÝSURÝISEREÝ-ÝBRGMÝ26)Ý-ÝBSH;BSS001XMKQ;07948X0038/S;Juillet;140.28;140.04;139.91;139.81
PIEZOMETREÝ-ÝLESÝBALMESÝ(ROMANSÝSURÝISEREÝ-ÝBRGMÝ26)Ý-ÝBSH;BSS001XMKQ;07948X0038/S;Ao˚t;140.11;139.85;139.71;139.6
PIEZOMETREÝ-ÝLESÝBALMESÝ(ROMANSÝSURÝISEREÝ-ÝBRGMÝ26)Ý-ÝBSH;BSS001XMKQ;07948X0038/S;Septembre;140.26;140;139.87;139.76
PIEZOMETREÝ-ÝLESÝBALMESÝ(ROMANSÝSURÝISEREÝ-ÝBRGMÝ26)Ý-ÝBSH;BSS001XMKQ;07948X0038/S;Octobre;140.5;140.18;140.01;139.87
PIEZOMETREÝ-ÝLESÝBALMESÝ(ROMANSÝSURÝISEREÝ-ÝBRGMÝ26)Ý-ÝBSH;BSS001XMKQ;07948X0038/S;Novembre;140.72;140.31;140.1;139.93
PIEZOMETREÝ-ÝLESÝBALMESÝ(ROMANSÝSURÝISEREÝ-ÝBRGMÝ26)Ý-ÝBSH;BSS001XMKQ;07948X0038/S;DÈcembre;140.83;140.47;140.28;140.12
PIEZOMETREÝ-ÝFERMEÝAGIRONÝ(VALENCEÝ-ÝBRGMÝ26)Ý-ÝBSH;BSS001YZBF;08184X0084/PZ1;Janvier;138.1;137.31;136.9;136.56
PIEZOMETREÝ-ÝFERMEÝAGIRONÝ(VALENCEÝ-ÝBRGMÝ26)Ý-ÝBSH;BSS001YZBF;08184X0084/PZ1;FÈvrier;138.07;137.29;136.88;136.55
PIEZOMETREÝ-ÝFERMEÝAGIRONÝ(VALENCEÝ-ÝBRGMÝ26)Ý-ÝBSH;BSS001YZBF;08184X0084/PZ1;Mars;137.99;137.25;136.87;136.55
PIEZOMETREÝ-ÝFERMEÝAGIRONÝ(VALENCEÝ-ÝBRGMÝ26)Ý-ÝBSH;BSS001YZBF;08184X0084/PZ1;Avril;137.93;137.26;136.91;136.62
PIEZOMETREÝ-ÝFERMEÝAGIRONÝ(VALENCEÝ-ÝBRGMÝ26)Ý-ÝBSH;BSS001YZBF;08184X0084/PZ1;Mai;137.91;137.33;137.03;136.78
PIEZOMETREÝ-ÝFERMEÝAGIRONÝ(VALENCEÝ-ÝBRGMÝ26)Ý-ÝBSH;BSS001YZBF;08184X0084/PZ1;Juin;137.93;137.37;137.08;136.83
PIEZOMETREÝ-ÝFERMEÝAGIRONÝ(VALENCEÝ-ÝBRGMÝ26)Ý-ÝBSH;BSS001YZBF;08184X0084/PZ1;Juillet;137.84;137.32;137.05;136.83
PIEZOMETREÝ-ÝFERMEÝAGIRONÝ(VALENCEÝ-ÝBRGMÝ26)Ý-ÝBSH;BSS001YZBF;08184X0084/PZ1;Ao˚t;137.72;137.26;137.02;136.82
PIEZOMETREÝ-ÝFERMEÝAGIRONÝ(VALENCEÝ-ÝBRGMÝ26)Ý-ÝBSH;BSS001YZBF;08184X0084/PZ1;Septembre;137.64;137.23;137.02;136.85
PIEZOMETREÝ-ÝFERMEÝAGIRONÝ(VALENCEÝ-ÝBRGMÝ26)Ý-ÝBSH;BSS001YZBF;08184X0084/PZ1;Octobre;137.64;137.18;136.94;136.74
PIEZOMETREÝ-ÝFERMEÝAGIRONÝ(VALENCEÝ-ÝBRGMÝ26)Ý-ÝBSH;BSS001YZBF;08184X0084/PZ1;Novembre;137.73;137.1;136.76;136.49
PIEZOMETREÝ-ÝFERMEÝAGIRONÝ(VALENCEÝ-ÝBRGMÝ26)Ý-ÝBSH;BSS001YZBF;08184X0084/PZ1;DÈcembre;137.98;137.17;136.75;136.41
ForageÝ-ÝlÝHotelÝ(CharpeyÝ-ÝBRGMÝ26);BSS001ZAMA;08191X0022/P;Janvier;268.53;267.37;266.77;266.27
ForageÝ-ÝlÝHotelÝ(CharpeyÝ-ÝBRGMÝ26);BSS001ZAMA;08191X0022/P;FÈvrier;268.87;267.98;267.52;267.14
ForageÝ-ÝlÝHotelÝ(CharpeyÝ-ÝBRGMÝ26);BSS001ZAMA;08191X0022/P;Mars;268.96;268.27;267.91;267.62
ForageÝ-ÝlÝHotelÝ(CharpeyÝ-ÝBRGMÝ26);BSS001ZAMA;08191X0022/P;Avril;268.84;268.28;267.98;267.74
ForageÝ-ÝlÝHotelÝ(CharpeyÝ-ÝBRGMÝ26);BSS001ZAMA;08191X0022/P;Mai;268.72;267.99;267.61;267.29
ForageÝ-ÝlÝHotelÝ(CharpeyÝ-ÝBRGMÝ26);BSS001ZAMA;08191X0022/P;Juin;268.55;267.69;267.25;266.88
ForageÝ-ÝlÝHotelÝ(CharpeyÝ-ÝBRGMÝ26);BSS001ZAMA;08191X0022/P;Juillet;267.94;267.3;266.96;266.68
ForageÝ-ÝlÝHotelÝ(CharpeyÝ-ÝBRGMÝ26);BSS001ZAMA;08191X0022/P;Ao˚t;267.24;266.74;266.48;266.27
ForageÝ-ÝlÝHotelÝ(CharpeyÝ-ÝBRGMÝ26);BSS001ZAMA;08191X0022/P;Septembre;266.75;266.02;265.64;265.33
ForageÝ-ÝlÝHotelÝ(CharpeyÝ-ÝBRGMÝ26);BSS001ZAMA;08191X0022/P;Octobre;266.55;265.52;264.98;264.54
ForageÝ-ÝlÝHotelÝ(CharpeyÝ-ÝBRGMÝ26);BSS001ZAMA;08191X0022/P;Novembre;266.9;265.71;265.09;264.57
ForageÝ-ÝlÝHotelÝ(CharpeyÝ-ÝBRGMÝ26);BSS001ZAMA;08191X0022/P;DÈcembre;267.95;266.5;265.74;265.12
PUITS - BERNOIR (MONTMEYRAND - BRGM 26) - BSH;BSS001ZAGC;08188X0045/BERN;Janvier;161.91;161.12;160.7;160.36
PUITS - BERNOIR (MONTMEYRAND - BRGM 26) - BSH;BSS001ZAGC;08188X0045/BERN;FÈvrier;162.02;161.22;160.81;160.46
PUITS - BERNOIR (MONTMEYRAND - BRGM 26) - BSH;BSS001ZAGC;08188X0045/BERN;Mars;162.05;161.28;160.88;160.55
PUITS - BERNOIR (MONTMEYRAND - BRGM 26) - BSH;BSS001ZAGC;08188X0045/BERN;Avril;162.02;161.31;160.93;160.62
PUITS - BERNOIR (MONTMEYRAND - BRGM 26) - BSH;BSS001ZAGC;08188X0045/BERN;Mai;162.07;161.4;161.04;160.75
PUITS - BERNOIR (MONTMEYRAND - BRGM 26) - BSH;BSS001ZAGC;08188X0045/BERN;Juin;161.82;161.25;160.95;160.71
PUITS - BERNOIR (MONTMEYRAND - BRGM 26) - BSH;BSS001ZAGC;08188X0045/BERN;Juillet;161.35;160.77;160.46;160.21
PUITS - BERNOIR (MONTMEYRAND - BRGM 26) - BSH;BSS001ZAGC;08188X0045/BERN;Ao˚t;161.04;160.47;160.18;159.93
PUITS - BERNOIR (MONTMEYRAND - BRGM 26) - BSH;BSS001ZAGC;08188X0045/BERN;Septembre;160.94;160.35;160.04;159.79
PUITS - BERNOIR (MONTMEYRAND - BRGM 26) - BSH;BSS001ZAGC;08188X0045/BERN;Octobre;161.17;160.46;160.1;159.79
PUITS - BERNOIR (MONTMEYRAND - BRGM 26) - BSH;BSS001ZAGC;08188X0045/BERN;Novembre;161.43;160.69;160.31;159.99
PUITS - BERNOIR (MONTMEYRAND - BRGM 26) - BSH;BSS001ZAGC;08188X0045/BERN;DÈcembre;161.71;160.89;160.47;160.12
PZ4ÝAVALÝCET;BSS004NBZY;BSS004NBZY/X;Janvier;169.57;168.9;168.56;168.27
PZ4ÝAVALÝCET;BSS004NBZY;BSS004NBZY/X;FÈvrier;169.55;168.91;168.58;168.3
PZ4ÝAVALÝCET;BSS004NBZY;BSS004NBZY/X;Mars;169.55;168.92;168.59;168.32
PZ4ÝAVALÝCET;BSS004NBZY;BSS004NBZY/X;Avril;169.52;168.9;168.58;168.31
PZ4ÝAVALÝCET;BSS004NBZY;BSS004NBZY/X;Mai;169.51;168.88;168.56;168.29
PZ4ÝAVALÝCET;BSS004NBZY;BSS004NBZY/X;Juin;169.5;168.87;168.54;168.27
PZ4ÝAVALÝCET;BSS004NBZY;BSS004NBZY/X;Juillet;169.48;168.85;168.52;168.25
PZ4ÝAVALÝCET;BSS004NBZY;BSS004NBZY/X;Ao˚t;169.47;168.83;168.5;168.23
PZ4ÝAVALÝCET;BSS004NBZY;BSS004NBZY/X;Septembre;169.46;168.82;168.48;168.21
PZ4ÝAVALÝCET;BSS004NBZY;BSS004NBZY/X;Octobre;169.46;168.79;168.44;168.15
PZ4ÝAVALÝCET;BSS004NBZY;BSS004NBZY/X;Novembre;169.45;168.77;168.41;168.11
PZ4ÝAVALÝCET;BSS004NBZY;BSS004NBZY/X;DÈcembre;169.44;168.76;168.41;168.11
PUITSÝ-ÝAEPÝ(GRANEÝ-ÝBRGMÝ26)Ý-ÝBSH;BSS001ZWVW;08423X0067/PZ;Janvier;140.24;139.87;139.68;139.53
PUITSÝ-ÝAEPÝ(GRANEÝ-ÝBRGMÝ26)Ý-ÝBSH;BSS001ZWVW;08423X0067/PZ;FÈvrier;140.18;139.85;139.68;139.54
PUITSÝ-ÝAEPÝ(GRANEÝ-ÝBRGMÝ26)Ý-ÝBSH;BSS001ZWVW;08423X0067/PZ;Mars;140.13;139.84;139.69;139.57
PUITSÝ-ÝAEPÝ(GRANEÝ-ÝBRGMÝ26)Ý-ÝBSH;BSS001ZWVW;08423X0067/PZ;Avril;140.01;139.72;139.58;139.45
PUITSÝ-ÝAEPÝ(GRANEÝ-ÝBRGMÝ26)Ý-ÝBSH;BSS001ZWVW;08423X0067/PZ;Mai;139.96;139.54;139.33;139.15
PUITSÝ-ÝAEPÝ(GRANEÝ-ÝBRGMÝ26)Ý-ÝBSH;BSS001ZWVW;08423X0067/PZ;Juin;139.64;139.25;139.05;138.88
PUITSÝ-ÝAEPÝ(GRANEÝ-ÝBRGMÝ26)Ý-ÝBSH;BSS001ZWVW;08423X0067/PZ;Juillet;139.08;138.76;138.6;138.46
PUITSÝ-ÝAEPÝ(GRANEÝ-ÝBRGMÝ26)Ý-ÝBSH;BSS001ZWVW;08423X0067/PZ;Ao˚t;139.07;138.86;138.75;138.66
PUITSÝ-ÝAEPÝ(GRANEÝ-ÝBRGMÝ26)Ý-ÝBSH;BSS001ZWVW;08423X0067/PZ;Septembre;139.53;139.16;138.97;138.81
PUITSÝ-ÝAEPÝ(GRANEÝ-ÝBRGMÝ26)Ý-ÝBSH;BSS001ZWVW;08423X0067/PZ;Octobre;139.8;139.41;139.21;139.04
PUITSÝ-ÝAEPÝ(GRANEÝ-ÝBRGMÝ26)Ý-ÝBSH;BSS001ZWVW;08423X0067/PZ;Novembre;140.23;139.77;139.53;139.33
PUITSÝ-ÝAEPÝ(GRANEÝ-ÝBRGMÝ26)Ý-ÝBSH;BSS001ZWVW;08423X0067/PZ;DÈcembre;140.31;139.86;139.62;139.43
PIEZOMETREÝ-ÝCHAMPÝCAPTANTÝ(EURREÝ-ÝBRGMÝ26)Ý-ÝBSH;BSS001ZWSA;08422X0191/F2;Janvier;152.1;151.86;151.73;151.62
PIEZOMETREÝ-ÝCHAMPÝCAPTANTÝ(EURREÝ-ÝBRGMÝ26)Ý-ÝBSH;BSS001ZWSA;08422X0191/F2;FÈvrier;152.05;151.8;151.67;151.56
PIEZOMETREÝ-ÝCHAMPÝCAPTANTÝ(EURREÝ-ÝBRGMÝ26)Ý-ÝBSH;BSS001ZWSA;08422X0191/F2;Mars;152.04;151.82;151.71;151.62
PIEZOMETREÝ-ÝCHAMPÝCAPTANTÝ(EURREÝ-ÝBRGMÝ26)Ý-ÝBSH;BSS001ZWSA;08422X0191/F2;Avril;152.07;151.87;151.77;151.68
PIEZOMETREÝ-ÝCHAMPÝCAPTANTÝ(EURREÝ-ÝBRGMÝ26)Ý-ÝBSH;BSS001ZWSA;08422X0191/F2;Mai;152.09;151.85;151.73;151.63
PIEZOMETREÝ-ÝCHAMPÝCAPTANTÝ(EURREÝ-ÝBRGMÝ26)Ý-ÝBSH;BSS001ZWSA;08422X0191/F2;Juin;151.96;151.75;151.63;151.54
PIEZOMETREÝ-ÝCHAMPÝCAPTANTÝ(EURREÝ-ÝBRGMÝ26)Ý-ÝBSH;BSS001ZWSA;08422X0191/F2;Juillet;151.77;151.6;151.51;151.43
PIEZOMETREÝ-ÝCHAMPÝCAPTANTÝ(EURREÝ-ÝBRGMÝ26)Ý-ÝBSH;BSS001ZWSA;08422X0191/F2;Ao˚t;151.62;151.41;151.31;151.22
PIEZOMETREÝ-ÝCHAMPÝCAPTANTÝ(EURREÝ-ÝBRGMÝ26)Ý-ÝBSH;BSS001ZWSA;08422X0191/F2;Septembre;151.64;151.35;151.2;151.08
PIEZOMETREÝ-ÝCHAMPÝCAPTANTÝ(EURREÝ-ÝBRGMÝ26)Ý-ÝBSH;BSS001ZWSA;08422X0191/F2;Octobre;151.74;151.43;151.27;151.14
PIEZOMETREÝ-ÝCHAMPÝCAPTANTÝ(EURREÝ-ÝBRGMÝ26)Ý-ÝBSH;BSS001ZWSA;08422X0191/F2;Novembre;152.03;151.68;151.49;151.34
PIEZOMETREÝ-ÝCHAMPÝCAPTANTÝ(EURREÝ-ÝBRGMÝ26)Ý-ÝBSH;BSS001ZWSA;08422X0191/F2;DÈcembre;152.12;151.78;151.59;151.44
PIEZOMETREÝ-ÝSILOÝ(LIVRONÝSURÝDROMEÝ-ÝBRGMÝ26)Ý-ÝBSH;BSS001ZWSA;08422X0191/F2;Janvier;96.63;96.21;95.98;95.8
PIEZOMETREÝ-ÝSILOÝ(LIVRONÝSURÝDROMEÝ-ÝBRGMÝ26)Ý-ÝBSH;BSS001ZWSA;08422X0191/F2;FÈvrier;96.57;96.12;95.88;95.69
PIEZOMETREÝ-ÝSILOÝ(LIVRONÝSURÝDROMEÝ-ÝBRGMÝ26)Ý-ÝBSH;BSS001ZWSA;08422X0191/F2;Mars;96.56;96.19;96;95.84
PIEZOMETREÝ-ÝSILOÝ(LIVRONÝSURÝDROMEÝ-ÝBRGMÝ26)Ý-ÝBSH;BSS001ZWSA;08422X0191/F2;Avril;96.56;96.28;96.13;96
PIEZOMETREÝ-ÝSILOÝ(LIVRONÝSURÝDROMEÝ-ÝBRGMÝ26)Ý-ÝBSH;BSS001ZWSA;08422X0191/F2;Mai;96.62;96.28;96.11;95.96
PIEZOMETREÝ-ÝSILOÝ(LIVRONÝSURÝDROMEÝ-ÝBRGMÝ26)Ý-ÝBSH;BSS001ZWSA;08422X0191/F2;Juin;96.48;96.13;95.94;95.79
PIEZOMETREÝ-ÝSILOÝ(LIVRONÝSURÝDROMEÝ-ÝBRGMÝ26)Ý-ÝBSH;BSS001ZWSA;08422X0191/F2;Juillet;96.11;95.76;95.58;95.43
PIEZOMETREÝ-ÝSILOÝ(LIVRONÝSURÝDROMEÝ-ÝBRGMÝ26)Ý-ÝBSH;BSS001ZWSA;08422X0191/F2;Ao˚t;95.79;95.38;95.17;94.99
PIEZOMETREÝ-ÝSILOÝ(LIVRONÝSURÝDROMEÝ-ÝBRGMÝ26)Ý-ÝBSH;BSS001ZWSA;08422X0191/F2;Septembre;95.88;95.57;95.41;95.28
PIEZOMETREÝ-ÝSILOÝ(LIVRONÝSURÝDROMEÝ-ÝBRGMÝ26)Ý-ÝBSH;BSS001ZWSA;08422X0191/F2;Octobre;96.1;95.76;95.58;95.44
PIEZOMETREÝ-ÝSILOÝ(LIVRONÝSURÝDROMEÝ-ÝBRGMÝ26)Ý-ÝBSH;BSS001ZWSA;08422X0191/F2;Novembre;96.7;96.12;95.82;95.57
PIEZOMETREÝ-ÝSILOÝ(LIVRONÝSURÝDROMEÝ-ÝBRGMÝ26)Ý-ÝBSH;BSS001ZWSA;08422X0191/F2;DÈcembre;96.73;96.21;95.94;95.72
PIEZOMETREÝ-ÝAUTOROUTEÝ(LORIOLÝSURÝDROMEÝ-ÝBRGMÝ26)Ý-ÝBSH;BSS001ZWRZ;08422X0190/F1;Janvier;94.4;94.22;94.13;94.05
PIEZOMETREÝ-ÝAUTOROUTEÝ(LORIOLÝSURÝDROMEÝ-ÝBRGMÝ26)Ý-ÝBSH;BSS001ZWRZ;08422X0190/F1;FÈvrier;94.41;94.21;94.11;94.02
PIEZOMETREÝ-ÝAUTOROUTEÝ(LORIOLÝSURÝDROMEÝ-ÝBRGMÝ26)Ý-ÝBSH;BSS001ZWRZ;08422X0190/F1;Mars;94.41;94.22;94.12;94.04
PIEZOMETREÝ-ÝAUTOROUTEÝ(LORIOLÝSURÝDROMEÝ-ÝBRGMÝ26)Ý-ÝBSH;BSS001ZWRZ;08422X0190/F1;Avril;94.42;94.26;94.17;94.1
PIEZOMETREÝ-ÝAUTOROUTEÝ(LORIOLÝSURÝDROMEÝ-ÝBRGMÝ26)Ý-ÝBSH;BSS001ZWRZ;08422X0190/F1;Mai;94.4;94.22;94.12;94.05
PIEZOMETREÝ-ÝAUTOROUTEÝ(LORIOLÝSURÝDROMEÝ-ÝBRGMÝ26)Ý-ÝBSH;BSS001ZWRZ;08422X0190/F1;Juin;94.26;94.1;94.01;93.94
PIEZOMETREÝ-ÝAUTOROUTEÝ(LORIOLÝSURÝDROMEÝ-ÝBRGMÝ26)Ý-ÝBSH;BSS001ZWRZ;08422X0190/F1;Juillet;94.08;93.9;93.81;93.73
PIEZOMETREÝ-ÝAUTOROUTEÝ(LORIOLÝSURÝDROMEÝ-ÝBRGMÝ26)Ý-ÝBSH;BSS001ZWRZ;08422X0190/F1;Ao˚t;94.04;93.88;93.8;93.72
PIEZOMETREÝ-ÝAUTOROUTEÝ(LORIOLÝSURÝDROMEÝ-ÝBRGMÝ26)Ý-ÝBSH;BSS001ZWRZ;08422X0190/F1;Septembre;94.16;94;93.92;93.85
PIEZOMETREÝ-ÝAUTOROUTEÝ(LORIOLÝSURÝDROMEÝ-ÝBRGMÝ26)Ý-ÝBSH;BSS001ZWRZ;08422X0190/F1;Octobre;94.28;94.11;94.02;93.94
PIEZOMETREÝ-ÝAUTOROUTEÝ(LORIOLÝSURÝDROMEÝ-ÝBRGMÝ26)Ý-ÝBSH;BSS001ZWRZ;08422X0190/F1;Novembre;94.46;94.22;94.1;93.99
PIEZOMETREÝ-ÝAUTOROUTEÝ(LORIOLÝSURÝDROMEÝ-ÝBRGMÝ26)Ý-ÝBSH;BSS001ZWRZ;08422X0190/F1;DÈcembre;94.44;94.23;94.11;94.02
PIEZOMETREÝ-ÝLEÝPERTHUISÝ(SAOUÝ-ÝBRGMÝ26)Ý-ÝBSH;BSS001ZXRQ;08435X0010/NO8;Janvier;386.78;386.69;386.65;386.61
PIEZOMETREÝ-ÝLEÝPERTHUISÝ(SAOUÝ-ÝBRGMÝ26)Ý-ÝBSH;BSS001ZXRQ;08435X0010/NO8;FÈvrier;386.79;386.72;386.68;386.64
PIEZOMETREÝ-ÝLEÝPERTHUISÝ(SAOUÝ-ÝBRGMÝ26)Ý-ÝBSH;BSS001ZXRQ;08435X0010/NO8;Mars;386.81;386.75;386.72;386.7
PIEZOMETREÝ-ÝLEÝPERTHUISÝ(SAOUÝ-ÝBRGMÝ26)Ý-ÝBSH;BSS001ZXRQ;08435X0010/NO8;Avril;386.82;386.76;386.72;386.69
PIEZOMETREÝ-ÝLEÝPERTHUISÝ(SAOUÝ-ÝBRGMÝ26)Ý-ÝBSH;BSS001ZXRQ;08435X0010/NO8;Mai;386.82;386.77;386.74;386.71
PIEZOMETREÝ-ÝLEÝPERTHUISÝ(SAOUÝ-ÝBRGMÝ26)Ý-ÝBSH;BSS001ZXRQ;08435X0010/NO8;Juin;386.79;386.73;386.7;386.67
PIEZOMETREÝ-ÝLEÝPERTHUISÝ(SAOUÝ-ÝBRGMÝ26)Ý-ÝBSH;BSS001ZXRQ;08435X0010/NO8;Juillet;386.72;386.66;386.62;386.6
PIEZOMETREÝ-ÝLEÝPERTHUISÝ(SAOUÝ-ÝBRGMÝ26)Ý-ÝBSH;BSS001ZXRQ;08435X0010/NO8;Ao˚t;386.65;386.58;386.54;386.52
PIEZOMETREÝ-ÝLEÝPERTHUISÝ(SAOUÝ-ÝBRGMÝ26)Ý-ÝBSH;BSS001ZXRQ;08435X0010/NO8;Septembre;386.61;386.53;386.49;386.45
PIEZOMETREÝ-ÝLEÝPERTHUISÝ(SAOUÝ-ÝBRGMÝ26)Ý-ÝBSH;BSS001ZXRQ;08435X0010/NO8;Octobre;386.65;386.53;386.48;386.43
PIEZOMETREÝ-ÝLEÝPERTHUISÝ(SAOUÝ-ÝBRGMÝ26)Ý-ÝBSH;BSS001ZXRQ;08435X0010/NO8;Novembre;386.73;386.6;386.53;386.48
PIEZOMETREÝ-ÝLEÝPERTHUISÝ(SAOUÝ-ÝBRGMÝ26)Ý-ÝBSH;BSS001ZXRQ;08435X0010/NO8;DÈcembre;386.77;386.64;386.57;386.52
PIEZOMETRE - FIN DE ROUTE(SAINT-MARCEL-LES-SAUZET - BRGM 26);BSS002ASXP;08662X0408/F;Janvier;107.22;107.04;106.95;106.87
PIEZOMETRE - FIN DE ROUTE(SAINT-MARCEL-LES-SAUZET - BRGM 26);BSS002ASXP;08662X0408/F;FÈvrier;107.3;107.15;107.06;107
PIEZOMETRE - FIN DE ROUTE(SAINT-MARCEL-LES-SAUZET - BRGM 26);BSS002ASXP;08662X0408/F;Mars;107.22;107.03;106.93;106.85
PIEZOMETRE - FIN DE ROUTE(SAINT-MARCEL-LES-SAUZET - BRGM 26);BSS002ASXP;08662X0408/F;Avril;107.11;106.93;106.83;106.76
PIEZOMETRE - FIN DE ROUTE(SAINT-MARCEL-LES-SAUZET - BRGM 26);BSS002ASXP;08662X0408/F;Mai;107;106.75;106.62;106.51
PIEZOMETRE - FIN DE ROUTE(SAINT-MARCEL-LES-SAUZET - BRGM 26);BSS002ASXP;08662X0408/F;Juin;106.8;106.54;106.4;106.29
PIEZOMETRE - FIN DE ROUTE(SAINT-MARCEL-LES-SAUZET - BRGM 26);BSS002ASXP;08662X0408/F;Juillet;106.56;106.4;106.31;106.24
PIEZOMETRE - FIN DE ROUTE(SAINT-MARCEL-LES-SAUZET - BRGM 26);BSS002ASXP;08662X0408/F;Ao˚t;106.5;106.33;106.23;106.16
PIEZOMETRE - FIN DE ROUTE(SAINT-MARCEL-LES-SAUZET - BRGM 26);BSS002ASXP;08662X0408/F;Septembre;106.55;106.32;106.19;106.09
PIEZOMETRE - FIN DE ROUTE(SAINT-MARCEL-LES-SAUZET - BRGM 26);BSS002ASXP;08662X0408/F;Octobre;106.63;106.37;106.23;106.11
PIEZOMETRE - FIN DE ROUTE(SAINT-MARCEL-LES-SAUZET - BRGM 26);BSS002ASXP;08662X0408/F;Novembre;107.06;106.62;106.39;106.2
PIEZOMETRE - FIN DE ROUTE(SAINT-MARCEL-LES-SAUZET - BRGM 26);BSS002ASXP;08662X0408/F;DÈcembre;107.21;106.8;106.59;106.42
PIEZOMETRE - AYGUES ASTAUD (PLAISIANS - BRGM 26) - BSH;BSS002CPGU;09153X0024/S;Janvier;409.95;409.72;409.59;409.49
PIEZOMETRE - AYGUES ASTAUD (PLAISIANS - BRGM 26) - BSH;BSS002CPGU;09153X0024/S;FÈvrier;409.92;409.72;409.62;409.53
PIEZOMETRE - AYGUES ASTAUD (PLAISIANS - BRGM 26) - BSH;BSS002CPGU;09153X0024/S;Mars;409.88;409.66;409.55;409.45
PIEZOMETRE - AYGUES ASTAUD (PLAISIANS - BRGM 26) - BSH;BSS002CPGU;09153X0024/S;Avril;409.92;409.73;409.63;409.54
PIEZOMETRE - AYGUES ASTAUD (PLAISIANS - BRGM 26) - BSH;BSS002CPGU;09153X0024/S;Mai;409.9;409.73;409.65;409.58
PIEZOMETRE - AYGUES ASTAUD (PLAISIANS - BRGM 26) - BSH;BSS002CPGU;09153X0024/S;Juin;409.78;409.62;409.54;409.48
PIEZOMETRE - AYGUES ASTAUD (PLAISIANS - BRGM 26) - BSH;BSS002CPGU;09153X0024/S;Juillet;409.64;409.48;409.39;409.33
PIEZOMETRE - AYGUES ASTAUD (PLAISIANS - BRGM 26) - BSH;BSS002CPGU;09153X0024/S;Ao˚t;409.51;409.37;409.29;409.22
PIEZOMETRE - AYGUES ASTAUD (PLAISIANS - BRGM 26) - BSH;BSS002CPGU;09153X0024/S;Septembre;409.5;409.33;409.24;409.17
PIEZOMETRE - AYGUES ASTAUD (PLAISIANS - BRGM 26) - BSH;BSS002CPGU;09153X0024/S;Octobre;409.67;409.4;409.26;409.15
PIEZOMETRE - AYGUES ASTAUD (PLAISIANS - BRGM 26) - BSH;BSS002CPGU;09153X0024/S;Novembre;409.95;409.66;409.51;409.38
PIEZOMETRE - AYGUES ASTAUD (PLAISIANS - BRGM 26) - BSH;BSS002CPGU;09153X0024/S;DÈcembre;409.97;409.71;409.57;409.46
Puits - Verger [Nyons];BSS002BPXV;08915X0026/PZ;Janvier;242.7;242.02;241.67;241.38
Puits - Verger [Nyons];BSS002BPXV;08915X0026/PZ;FÈvrier;242.75;242.07;241.72;241.43
Puits - Verger [Nyons];BSS002BPXV;08915X0026/PZ;Mars;242.79;242.17;241.84;241.58
Puits - Verger [Nyons];BSS002BPXV;08915X0026/PZ;Avril;242.74;242.24;241.97;241.76
Puits - Verger [Nyons];BSS002BPXV;08915X0026/PZ;Mai;242.85;242.44;242.23;242.06
Puits - Verger [Nyons];BSS002BPXV;08915X0026/PZ;Juin;242.57;242.14;241.91;241.73
Puits - Verger [Nyons];BSS002BPXV;08915X0026/PZ;Juillet;242.03;241.5;241.22;240.99
Puits - Verger [Nyons];BSS002BPXV;08915X0026/PZ;Ao˚t;241.57;241.09;240.85;240.64
Puits - Verger [Nyons];BSS002BPXV;08915X0026/PZ;Septembre;241.55;241.11;240.88;240.69
Puits - Verger [Nyons];BSS002BPXV;08915X0026/PZ;Octobre;241.9;241.39;241.13;240.91
Puits - Verger [Nyons];BSS002BPXV;08915X0026/PZ;Novembre;242.46;241.9;241.61;241.36
Puits - Verger [Nyons];BSS002BPXV;08915X0026/PZ;DÈcembre;242.67;241.96;241.58;241.28
Rond-Point [Nyons];BSS002BPYC;08915X1007/F;Janvier;242.7;242.02;241.67;241.38
Rond-Point [Nyons];BSS002BPYC;08915X1007/F;FÈvrier;242.75;242.07;241.72;241.43
Rond-Point [Nyons];BSS002BPYC;08915X1007/F;Mars;242.79;242.17;241.84;241.58
Rond-Point [Nyons];BSS002BPYC;08915X1007/F;Avril;242.74;242.24;241.97;241.76
Rond-Point [Nyons];BSS002BPYC;08915X1007/F;Mai;242.85;242.44;242.23;242.06
Rond-Point [Nyons];BSS002BPYC;08915X1007/F;Juin;242.57;242.14;241.91;241.73
Rond-Point [Nyons];BSS002BPYC;08915X1007/F;Juillet;242.03;241.5;241.22;240.99
Rond-Point [Nyons];BSS002BPYC;08915X1007/F;Ao˚t;241.57;241.09;240.85;240.64
Rond-Point [Nyons];BSS002BPYC;08915X1007/F;Septembre;241.55;241.11;240.88;240.69
Rond-Point [Nyons];BSS002BPYC;08915X1007/F;Octobre;241.9;241.39;241.13;240.91
Rond-Point [Nyons];BSS002BPYC;08915X1007/F;Novembre;242.46;241.9;241.61;241.36
Rond-Point [Nyons];BSS002BPYC;08915X1007/F;DÈcembre;242.67;241.96;241.58;241.28
;;;;;;;
;;;;;;;
;;;;;;;
;;;;;;;
;;;;;;;
;;;;;;;
;;;;;;;
;;;;;;;
;;;;;;;
;;;;;;;
;;;;;;;
;;;;;;;
;;;;;;;
;;;;;;;
;;;;;;;
;;;;;;;
;;;;;;;
;;;;;;;
;;;;;;;
;;;;;;;
;;;;;;;
;;;;;;;
;;;;;;;
;;;;;;;
;;;;;;;
;;;;;;;
;;;;;;;
;;;;;;;
;;;;;;;
;;;;;;;
;;;;;;;
;;;;;;;
;;;;;;;
;;;;;;;
;;;;;;;
;;;;;;;
;;;;;;;
;;;;;;;
;;;;;;;
;;;;;;;
;;;;;;;
;;;;;;;
;;;;;;;
;;;;;;;
;;;;;;;
;;;;;;;
;;;;;;;
;;;;;;;
;;;;;;;
;;;;;;;
;;;;;;;
;;;;;;;
;;;;;;;
;;;;;;;
;;;;;;;
;;;;;;;
;;;;;;;
;;;;;;;
;;;;;;;
;;;;;;;
;;;;;;;
;;;;;;;
;;;;;;;
;;;;;;;
;;;;;;;
;;;;;;;
;;;;;;;
;;;;;;;
;;;;;;;
;;;;;;;
;;;;;;;
;;;;;;;
;;;;;;;
;;;;;;;
;;;;;;;
;;;;;;;
;;;;;;;
;;;;;;;
;;;;;;;
;;;;;;;
;;;;;;;
;;;;;;;
;;;;;;;
;;;;;;;
;;;;;;;
;;;;;;;
;;;;;;;
;;;;;;;
;;;;;;;
;;;;;;;
;;;;;;;
;;;;;;;
;;;;;;;
;;;;;;;
;;;;;;;
;;;;;;;
;;;;;;;
;;;;;;;
;;;;;;;
;;;;;;;
;;;;;;;
;;;;;;;
;;;;;;;
;;;;;;;
;;;;;;;
;;;;;;;
;;;;;;;
;;;;;;;
;;;;;;;
;;;;;;;
;;;;;;;
;;;;;;;
;;;;;;;
;;;;;;;
;;;;;;;
;;;;;;;
;;;;;;;
;;;;;;;
;;;;;;;
;;;;;;;
;;;;;;;
;;;;;;;
;;;;;;;
;;;;;;;
;;;;;;;
;;;;;;;
;;;;;;;
;;;;;;;
;;;;;;;
;;;;;;;
;;;;;;;
;;;;;;;
;;;;;;;
;;;;;;;
;;;;;;;
;;;;;;;
;;;;;;;
;;;;;;;
;;;;;;;
;;;;;;;
;;;;;;;
;;;;;;;
;;;;;;;
;;;;;;;
;;;;;;;
;;;;;;;
;;;;;;;
;;;;;;;
;;;;;;;
;;;;;;;
;;;;;;;
;;;;;;;
;;;;;;;
;;;;;;;
;;;;;;;
;;;;;;;
;;;;;;;
;;;;;;;
;;;;;;;
;;;;;;;
;;;;;;;
;;;;;;;
;;;;;;;
;;;;;;;
;;;;;;;
;;;;;;;
;;;;;;;
;;;;;;;
;;;;;;;
;;;;;;;
;;;;;;;
;;;;;;;
;;;;;;;
;;;;;;;
;;;;;;;
;;;;;;;
;;;;;;;
;;;;;;;
;;;;;;;
;;;;;;;
;;;;;;;
;;;;;;;
;;;;;;;
;;;;;;;
;;;;;;;
;;;;;;;
;;;;;;;
;;;;;;;
;;;;;;;
;;;;;;;
;;;;;;;
;;;;;;;
;;;;;;;
;;;;;;;
;;;;;;;
;;;;;;;
;;;;;;;
;;;;;;;
;;;;;;;
;;;;;;;
;;;;;;;
;;;;;;;
;;;;;;;
;;;;;;;
;;;;;;;
;;;;;;;
;;;;;;;
;;;;;;;
;;;;;;;
;;;;;;;
;;;;;;;
;;;;;;;
;;;;;;;
;;;;;;;
;;;;;;;
;;;;;;;
;;;;;;;
;;;;;;;
;;;;;;;
;;;;;;;
;;;;;;;
;;;;;;;
;;;;;;;
;;;;;;;
;;;;;;;
;;;;;;;
;;;;;;;
;;;;;;;
;;;;;;;
;;;;;;;
;;;;;;;
;;;;;;;
;;;;;;;
;;;;;;;
;;;;;;;
;;;;;;;
;;;;;;;
;;;;;;;
;;;;;;;
;;;;;;;
;;;;;;;
;;;;;;;
;;;;;;;
;;;;;;;
;;;;;;;
;;;;;;;
;;;;;;;
;;;;;;;
;;;;;;;
;;;;;;;
;;;;;;;
;;;;;;;
;;;;;;;
;;;;;;;
;;;;;;;
;;;;;;;
;;;;;;;
;;;;;;;
;;;;;;;
;;;;;;;
;;;;;;;
;;;;;;;
;;;;;;;
;;;;;;;
;;;;;;;
;;;;;;;
;;;;;;;
;;;;;;;
;;;;;;;
;;;;;;;
;;;;;;;
;;;;;;;
;;;;;;;
;;;;;;;
;;;;;;;
;;;;;;;
;;;;;;;
;;;;;;;
;;;;;;;
;;;;;;;
;;;;;;;
;;;;;;;
;;;;;;;
;;;;;;;
;;;;;;;
;;;;;;;
;;;;;;;
;;;;;;;
;;;;;;;
;;;;;;;
;;;;;;;
;;;;;;;
;;;;;;;
;;;;;;;
;;;;;;;
;;;;;;;
;;;;;;;
;;;;;;;
;;;;;;;
;;;;;;;
;;;;;;;
;;;;;;;
;;;;;;;
;;;;;;;
;;;;;;;
;;;;;;;
;;;;;;;
;;;;;;;
;;;;;;;
;;;;;;;
;;;;;;;
;;;;;;;
;;;;;;;
;;;;;;;
;;;;;;;
;;;;;;;
;;;;;;;
;;;;;;;
;;;;;;;
;;;;;;;
;;;;;;;
;;;;;;;
;;;;;;;
;;;;;;;
;;;;;;;
;;;;;;;
;;;;;;;
;;;;;;;
;;;;;;;
;;;;;;;
;;;;;;;
;;;;;;;
;;;;;;;
;;;;;;;
;;;;;;;
;;;;;;;
;;;;;;;
;;;;;;;
;;;;;;;
;;;;;;;
;;;;;;;
;;;;;;;
;;;;;;;
;;;;;;;
;;;;;;;
;;;;;;;
;;;;;;;
;;;;;;;
;;;;;;;
;;;;;;;
;;;;;;;
;;;;;;;
;;;;;;;
;;;;;;;
;;;;;;;
;;;;;;;
;;;;;;;
;;;;;;;
;;;;;;;
;;;;;;;
;;;;;;;
;;;;;;;
;;;;;;;
;;;;;;;
;;;;;;;
;;;;;;;
;;;;;;;
;;;;;;;
;;;;;;;
;;;;;;;
;;;;;;;
;;;;;;;
;;;;;;;
;;;;;;;
;;;;;;;
;;;;;;;
;;;;;;;
;;;;;;;
;;;;;;;
;;;;;;;
;;;;;;;
;;;;;;;
;;;;;;;
;;;;;;;
;;;;;;;
;;;;;;;
;;;;;;;
;;;;;;;
;;;;;;;
;;;;;;;
;;;;;;;
;;;;;;;
;;;;;;;
;;;;;;;
;;;;;;;
;;;;;;;
;;;;;;;
;;;;;;;
;;;;;;;
;;;;;;;
;;;;;;;
;;;;;;;
;;;;;;;
;;;;;;;
;;;;;;;
;;;;;;;
;;;;;;;
;;;;;;;
;;;;;;;
;;;;;;;
;;;;;;;
;;;;;;;
;;;;;;;
;;;;;;;
;;;;;;;
;;;;;;;
;;;;;;;
;;;;;;;
;;;;;;;
;;;;;;;
;;;;;;;
;;;;;;;
;;;;;;;
;;;;;;;
;;;;;;;
;;;;;;;
;;;;;;;
;;;;;;;
;;;;;;;
;;;;;;;
;;;;;;;
;;;;;;;
;;;;;;;
;;;;;;;
;;;;;;;
;;;;;;;
;;;;;;;
;;;;;;;
;;;;;;;
;;;;;;;
;;;;;;;
;;;;;;;
;;;;;;;
;;;;;;;
;;;;;;;
;;;;;;;
;;;;;;;
;;;;;;;
;;;;;;;
;;;;;;;
;;;;;;;
;;;;;;;
;;;;;;;
;;;;;;;
;;;;;;;
;;;;;;;
;;;;;;;
;;;;;;;
;;;;;;;
;;;;;;;
;;;;;;;
;;;;;;;
;;;;;;;
;;;;;;;
;;;;;;;
;;;;;;;
;;;;;;;
;;;;;;;
;;;;;;;
;;;;;;;
;;;;;;;
;;;;;;;
;;;;;;;
;;;;;;;
;;;;;;;
;;;;;;;
;;;;;;;
;;;;;;;
;;;;;;;
;;;;;;;
;;;;;;;
;;;;;;;
;;;;;;;
;;;;;;;
;;;;;;;
;;;;;;;
;;;;;;;
;;;;;;;
;;;;;;;
;;;;;;;
;;;;;;;
;;;;;;;
;;;;;;;
;;;;;;;
;;;;;;;
;;;;;;;
;;;;;;;
;;;;;;;
;;;;;;;
;;;;;;;
;;;;;;;
;;;;;;;
;;;;;;;
;;;;;;;
;;;;;;;
;;;;;;;
;;;;;;;
;;;;;;;
;;;;;;;
;;;;;;;
;;;;;;;
;;;;;;;
;;;;;;;
;;;;;;;
;;;;;;;
;;;;;;;
;;;;;;;
;;;;;;;
;;;;;;;
;;;;;;;
;;;;;;;
;;;;;;;
;;;;;;;
;;;;;;;
;;;;;;;
;;;;;;;
;;;;;;;
;;;;;;;
;;;;;;;
;;;;;;;
;;;;;;;
;;;;;;;
;;;;;;;
;;;;;;;
;;;;;;;
;;;;;;;
;;;;;;;
;;;;;;;
;;;;;;;
;;;;;;;
;;;;;;;
;;;;;;;
;;;;;;;
;;;;;;;
;;;;;;;
;;;;;;;
;;;;;;;
;;;;;;;
;;;;;;;
;;;;;;;
;;;;;;;
;;;;;;;
;;;;;;;
;;;;;;;
;;;;;;;
;;;;;;;
;;;;;;;
;;;;;;;
;;;;;;;
;;;;;;;
;;;;;;;
;;;;;;;
;;;;;;;
;;;;;;;
;;;;;;;
;;;;;;;
;;;;;;;
;;;;;;;
;;;;;;;
;;;;;;;
;;;;;;;
;;;;;;;
;;;;;;;
;;;;;;;
;;;;;;;
;;;;;;;
;;;;;;;
;;;;;;;
;;;;;;;
;;;;;;;
;;;;;;;
;;;;;;;
;;;;;;;
;;;;;;;
;;;;;;;
;;;;;;;
;;;;;;;
;;;;;;;
;;;;;;;
;;;;;;;
;;;;;;;
;;;;;;;
;;;;;;;
;;;;;;;
;;;;;;;
;;;;;;;
;;;;;;;
;;;;;;;
;;;;;;;
;;;;;;;
;;;;;;;
;;;;;;;
;;;;;;;
;;;;;;;
;;;;;;;
;;;;;;;
;;;;;;;
;;;;;;;
;;;;;;;
;;;;;;;
;;;;;;;
;;;;;;;
;;;;;;;
;;;;;;;
;;;;;;;
;;;;;;;
;;;;;;;
;;;;;;;
;;;;;;;
;;;;;;;
;;;;;;;
;;;;;;;
;;;;;;;
;;;;;;;
;;;;;;;
;;;;;;;
;;;;;;;
;;;;;;;
;;;;;;;
;;;;;;;
;;;;;;;
;;;;;;;
;;;;;;;
;;;;;;;
;;;;;;;
;;;;;;;
;;;;;;;
;;;;;;;
;;;;;;;
;;;;;;;
;;;;;;;
;;;;;;;
;;;;;;;
;;;;;;;
;;;;;;;
;;;;;;;
;;;;;;;
;;;;;;;
;;;;;;;
;;;;;;;
;;;;;;;
;;;;;;;
;;;;;;;
;;;;;;;
;;;;;;;
;;;;;;;
;;;;;;;
;;;;;;;
;;;;;;;
;;;;;;;
;;;;;;;
;;;;;;;
;;;;;;;
;;;;;;;
;;;;;;;
;;;;;;;
;;;;;;;
;;;;;;;
;;;;;;;
;;;;;;;
;;;;;;;
;;;;;;;
;;;;;;;
;;;;;;;
;;;;;;;
;;;;;;;
;;;;;;;
;;;;;;;
;;;;;;;
;;;;;;;
;;;;;;;
;;;;;;;
;;;;;;;
;;;;;;;
;;;;;;;
;;;;;;;
;;;;;;;
;;;;;;;
;;;;;;;
;;;;;;;
;;;;;;;
;;;;;;;
;;;;;;;
;;;;;;;
;;;;;;;
;;;;;;;
;;;;;;;
;;;;;;;
;;;;;;;
;;;;;;;
;;;;;;;
;;;;;;;
;;;;;;;
;;;;;;;
;;;;;;;
;;;;;;;
;;;;;;;
;;;;;;;
;;;;;;;
;;;;;;;
;;;;;;;
;;;;;;;
;;;;;;;
;;;;;;;
;;;;;;;
;;;;;;;
;;;;;;;
;;;;;;;
;;;;;;;
;;;;;;;
;;;;;;;
;;;;;;;
;;;;;;;
;;;;;;;
;;;;;;;
;;;;;;;
;;;;;;;
;;;;;;;
;;;;;;;
;;;;;;;
;;;;;;;
;;;;;;;
;;;;;;;
;;;;;;;
;;;;;;;
;;;;;;;
;;;;;;;
;;;;;;;
;;;;;;;
;;;;;;;
;;;;;;;
;;;;;;;
;;;;;;;
;;;;;;;
;;;;;;;
;;;;;;;
;;;;;;;
;;;;;;;
;;;;;;;
;;;;;;;
;;;;;;;
;;;;;;;
;;;;;;;
;;;;;;;
;;;;;;;
;;;;;;;
;;;;;;;
;;;;;;;
;;;;;;;
;;;;;;;
;;;;;;;
;;;;;;;
;;;;;;;
;;;;;;;
;;;;;;;
;;;;;;;
;;;;;;;
;;;;;;;
;;;;;;;
;;;;;;;
;;;;;;;
;;;;;;;
;;;;;;;
;;;;;;;
;;;;;;;
;;;;;;;
;;;;;;;
;;;;;;;
;;;;;;;
;;;;;;;
;;;;;;;
;;;;;;;
;;;;;;;
;;;;;;;
;;;;;;;
;;;;;;;
;;;;;;;
;;;;;;;
;;;;;;;
;;;;;;;
;;;;;;;
;;;;;;;
;;;;;;;
;;;;;;;
;;;;;;;
;;;;;;;
;;;;;;;
;;;;;;;
;;;;;;;
;;;;;;;
;;;;;;;
;;;;;;;
;;;;;;;
;;;;;;;
;;;;;;;
;;;;;;;
;;;;;;;
;;;;;;;
;;;;;;;
;;;;;;;
;;;;;;;
;;;;;;;
;;;;;;;
;;;;;;;
;;;;;;;
;;;;;;;
;;;;;;;
;;;;;;;
;;;;;;;
;;;;;;;
;;;;;;;
;;;;;;;
;;;;;;;
;;;;;;;
;;;;;;;
;;;;;;;
;;;;;;;
;;;;;;;
;;;;;;;
;;;;;;;
;;;;;;;
;;;;;;;
;;;;;;;
;;;;;;;
;;;;;;;
;;;;;;;
;;;;;;;
;;;;;;;
;;;;;;;
;;;;;;;
;;;;;;;
;;;;;;;
;;;;;;;
;;;;;;;
;;;;;;;
;;;;;;;
;;;;;;;
;;;;;;;
;;;;;;;
;;;;;;;
;;;;;;;
;;;;;;;
;;;;;;;
;;;;;;;
;;;;;;;
;;;;;;;
;;;;;;;
;;;;;;;
;;;;;;;
;;;;;;;
;;;;;;;
;;;;;;;
;;;;;;;
;;;;;;;
;;;;;;;
;;;;;;;
;;;;;;;
;;;;;;;
;;;;;;;
;;;;;;;
;;;;;;;
;;;;;;;
;;;;;;;
;;;;;;;
;;;;;;;
;;;;;;;
;;;;;;;
;;;;;;;
;;;;;;;
;;;;;;;
;;;;;;;
;;;;;;;
;;;;;;;
;;;;;;;
;;;;;;;
;;;;;;;
;;;;;;;
;;;;;;;
;;;;;;;
;;;;;;;
;;;;;;;
;;;;;;;
;;;;;;;
;;;;;;;
;;;;;;;
;;;;;;;
;;;;;;;
;;;;;;;
;;;;;;;
;;;;;;;
;;;;;;;
;;;;;;;
;;;;;;;
;;;;;;;
;;;;;;;
;;;;;;;
;;;;;;;
;;;;;;;
;;;;;;;
;;;;;;;
;;;;;;;
;;;;;;;
;;;;;;;
;;;;;;;
;;;;;;;
;;;;;;;
;;;;;;;
;;;;;;;
;;;;;;;
;;;;;;;
;;;;;;;
;;;;;;;
;;;;;;;
;;;;;;;
;;;;;;;
;;;;;;;
;;;;;;;
;;;;;;;
;;;;;;;
;;;;;;;
;;;;;;;
;;;;;;;
;;;;;;;
;;;;;;;
;;;;;;;
;;;;;;;
;;;;;;;
;;;;;;;
;;;;;;;
;;;;;;;
;;;;;;;
;;;;;;;
;;;;;;;
;;;;;;;
;;;;;;;
;;;;;;;
;;;;;;;
;;;;;;;
;;;;;;;
;;;;;;;
;;;;;;;
;;;;;;;
;;;;;;;
;;;;;;;
;;;;;;;
;;;;;;;
;;;;;;;
;;;;;;;
;;;;;;;
;;;;;;;
;;;;;;;
;;;;;;;
;;;;;;;
;;;;;;;
;;;;;;;
;;;;;;;
;;;;;;;
;;;;;;;
;;;;;;;
;;;;;;;
;;;;;;;
;;;;;;;
;;;;;;;
;;;;;;;
;;;;;;;
;;;;;;;
;;;;;;;
;;;;;;;
;;;;;;;
;;;;;;;
;;;;;;;
;;;;;;;
;;;;;;;
;;;;;;;
;;;;;;;
;;;;;;;
;;;;;;;
;;;;;;;
;;;;;;;
;;;;;;;
;;;;;;;
;;;;;;;
;;;;;;;
;;;;;;;
;;;;;;;
;;;;;;;
;;;;;;;
;;;;;;;
;;;;;;;
;;;;;;;
;;;;;;;
;;;;;;;
;;;;;;;
;;;;;;;
;;;;;;;
;;;;;;;
;;;;;;;
;;;;;;;
;;;;;;;
;;;;;;;
;;;;;;;
;;;;;;;
;;;;;;;
;;;;;;;
;;;;;;;
;;;;;;;
;;;;;;;
;;;;;;;
;;;;;;;
;;;;;;;
;;;;;;;
;;;;;;;
;;;;;;;
;;;;;;;
;;;;;;;
;;;;;;;
;;;;;;;
;;;;;;;
;;;;;;;
;;;;;;;
;;;;;;;
;;;;;;;
;;;;;;;
;;;;;;;
;;;;;;;
;;;;;;;
;;;;;;;
;;;;;;;
;;;;;;;
;;;;;;;
;;;;;;;
;;;;;;;
;;;;;;;
;;;;;;;
;;;;;;;
;;;;;;;
;;;;;;;
;;;;;;;
;;;;;;;
;;;;;;;
;;;;;;;
;;;;;;;
;;;;;;;
;;;;;;;
;;;;;;;
;;;;;;;
;;;;;;;
;;;;;;;
;;;;;;;
;;;;;;;
;;;;;;;
;;;;;;;
;;;;;;;
;;;;;;;
;;;;;;;
;;;;;;;
;;;;;;;
;;;;;;;
;;;;;;;
;;;;;;;
;;;;;;;
;;;;;;;
;;;;;;;
;;;;;;;
;;;;;;;
;;;;;;;
;;;;;;;
;;;;;;;
;;;;;;;
;;;;;;;
;;;;;;;
;;;;;;;
;;;;;;;
;;;;;;;
;;;;;;;
;;;;;;;
;;;;;;;
;;;;;;;
;;;;;;;
;;;;;;;
;;;;;;;
;;;;;;;
;;;;;;;
;;;;;;;
;;;;;;;
;;;;;;;
;;;;;;;
;;;;;;;
;;;;;;;
;;;;;;;
;;;;;;;
;;;;;;;
;;;;;;;
;;;;;;;
;;;;;;;
;;;;;;;
;;;;;;;
;;;;;;;
;;;;;;;
;;;;;;;
;;;;;;;
;;;;;;;
;;;;;;;
;;;;;;;
;;;;;;;
;;;;;;;
;;;;;;;
;;;;;;;
;;;;;;;
;;;;;;;
;;;;;;;
;;;;;;;
;;;;;;;
;;;;;;;
;;;;;;;
;;;;;;;
;;;;;;;
;;;;;;;
;;;;;;;
;;;;;;;
;;;;;;;
;;;;;;;
;;;;;;;
;;;;;;;
;;;;;;;
;;;;;;;
;;;;;;;
;;;;;;;
;;;;;;;
;;;;;;;
;;;;;;;
;;;;;;;
;;;;;;;
;;;;;;;
;;;;;;;
;;;;;;;
;;;;;;;
;;;;;;;
;;;;;;;
;;;;;;;
;;;;;;;
;;;;;;;
;;;;;;;
;;;;;;;
;;;;;;;
;;;;;;;
;;;;;;;
;;;;;;;
;;;;;;;
;;;;;;;
;;;;;;;
;;;;;;;
;;;;;;;
;;;;;;;
;;;;;;;
;;;;;;;
;;;;;;;
;;;;;;;
;;;;;;;
;;;;;;;
;;;;;;;
;;;;;;;
;;;;;;;
;;;;;;;
;;;;;;;
;;;;;;;
;;;;;;;
;;;;;;;
;;;;;;;
;;;;;;;
;;;;;;;
;;;;;;;
;;;;;;;
;;;;;;;
;;;;;;;
;;;;;;;
;;;;;;;
;;;;;;;
;;;;;;;
;;;;;;;
;;;;;;;
;;;;;;;
;;;;;;;
;;;;;;;
;;;;;;;
;;;;;;;
;;;;;;;
;;;;;;;
;;;;;;;
;;;;;;;
;;;;;;;
;;;;;;;
;;;;;;;
;;;;;;;
;;;;;;;
;;;;;;;
;;;;;;;
;;;;;;;
;;;;;;;
;;;;;;;
;;;;;;;
;;;;;;;
;;;;;;;
;;;;;;;
;;;;;;;
;;;;;;;
;;;;;;;
;;;;;;;
;;;;;;;
;;;;;;;
;;;;;;;
;;;;;;;
;;;;;;;
;;;;;;;
;;;;;;;
;;;;;;;
;;;;;;;
;;;;;;;
;;;;;;;
;;;;;;;
;;;;;;;
;;;;;;;
;;;;;;;
;;;;;;;
;;;;;;;
;;;;;;;
;;;;;;;
;;;;;;;
;;;;;;;
;;;;;;;
;;;;;;;
;;;;;;;
;;;;;;;
;;;;;;;
;;;;;;;
;;;;;;;
;;;;;;;
;;;;;;;
;;;;;;;
;;;;;;;
;;;;;;;
;;;;;;;
;;;;;;;
;;;;;;;
;;;;;;;
;;;;;;;
;;;;;;;
;;;;;;;
;;;;;;;
;;;;;;;
;;;;;;;
;;;;;;;
;;;;;;;
;;;;;;;
;;;;;;;
;;;;;;;
;;;;;;;
;;;;;;;
;;;;;;;
;;;;;;;
;;;;;;;
;;;;;;;
;;;;;;;
;;;;;;;
;;;;;;;
;;;;;;;
;;;;;;;
;;;;;;;
;;;;;;;
;;;;;;;
;;;;;;;
;;;;;;;
;;;;;;;
;;;;;;;
;;;;;;;
;;;;;;;
;;;;;;;
;;;;;;;
;;;;;;;
;;;;;;;
;;;;;;;
;;;;;;;
;;;;;;;
;;;;;;;
;;;;;;;
;;;;;;;
;;;;;;;
;;;;;;;
;;;;;;;
;;;;;;;
;;;;;;;
;;;;;;;
;;;;;;;
;;;;;;;
;;;;;;;
;;;;;;;
;;;;;;;
;;;;;;;
;;;;;;;
;;;;;;;
;;;;;;;
;;;;;;;
;;;;;;;
;;;;;;;
;;;;;;;
;;;;;;;
;;;;;;;
;;;;;;;
;;;;;;;
;;;;;;;
;;;;;;;
;;;;;;;
;;;;;;;
;;;;;;;
;;;;;;;
;;;;;;;
;;;;;;;
;;;;;;;
;;;;;;;
;;;;;;;
;;;;;;;
;;;;;;;
;;;;;;;
;;;;;;;
;;;;;;;
;;;;;;;
;;;;;;;
;;;;;;;
;;;;;;;
;;;;;;;
;;;;;;;
;;;;;;;
;;;;;;;
;;;;;;;
;;;;;;;
;;;;;;;
;;;;;;;
;;;;;;;
;;;;;;;
;;;;;;;
;;;;;;;
;;;;;;;
;;;;;;;
;;;;;;;
;;;;;;;
;;;;;;;
;;;;;;;
;;;;;;;
;;;;;;;
;;;;;;;
;;;;;;;
;;;;;;;
;;;;;;;
;;;;;;;
;;;;;;;
;;;;;;;
;;;;;;;
;;;;;;;
;;;;;;;
;;;;;;;
;;;;;;;
;;;;;;;
;;;;;;;
;;;;;;;
;;;;;;;
;;;;;;;
;;;;;;;
;;;;;;;
;;;;;;;
;;;;;;;
;;;;;;;
;;;;;;;
;;;;;;;
;;;;;;;
;;;;;;;
;;;;;;;
;;;;;;;
;;;;;;;
;;;;;;;
;;;;;;;
;;;;;;;
;;;;;;;
;;;;;;;
;;;;;;;
;;;;;;;
;;;;;;;
;;;;;;;
;;;;;;;
;;;;;;;
;;;;;;;
;;;;;;;
;;;;;;;
;;;;;;;
;;;;;;;
;;;;;;;
;;;;;;;
;;;;;;;
;;;;;;;
;;;;;;;
;;;;;;;
;;;;;;;
;;;;;;;
;;;;;;;
;;;;;;;
;;;;;;;
;;;;;;;
;;;;;;;
;;;;;;;
;;;;;;;
;;;;;;;
;;;;;;;
;;;;;;;
;;;;;;;
;;;;;;;
;;;;;;;
;;;;;;;
;;;;;;;
;;;;;;;
;;;;;;;
;;;;;;;
;;;;;;;
;;;;;;;
;;;;;;;
;;;;;;;
;;;;;;;
;;;;;;;
;;;;;;;
;;;;;;;
;;;;;;;
;;;;;;;
;;;;;;;
;;;;;;;
;;;;;;;
;;;;;;;
;;;;;;;
;;;;;;;
;;;;;;;
;;;;;;;
;;;;;;;
;;;;;;;
;;;;;;;
;;;;;;;
;;;;;;;
;;;;;;;
;;;;;;;
;;;;;;;
;;;;;;;
;;;;;;;
;;;;;;;
;;;;;;;
;;;;;;;
